{
    "0": "MATEMÁTICA 1",
    "1": "MATEMÁTICA 2",
    "2": "MATEMÁTICA 3",
    "3": "MATEMÁTICA 4",
    "4": "MATEMÁTICA 5",
    "5": "FÍSICA 1",
    "6": "FÍSICA 2",
    "7": "FÍSICA 3",
    "8": "FÍSICA 4",
    "9": "BIOLOGIA 1",
    "10": "BIOLOGIA 2",
    "11": "BIOLOGIA 3",
    "12": "BIOLOGIA 4",
    "13": "BIOLOGIA 5",
    "14": "QUÍMICA 1",
    "15": "QUÍMICA 2",
    "16": "QUÍMICA 3",
    "17": "QUÍMICA 4",
    "18": "QUÍMICA 5",
    "19": "GEOGRAFIA 1",
    "20": "GEOGRAFIA 2",
    "21": "HISTÓRIA 1",
    "22": "HISTÓRIA 2",
    "23": "HISTÓRIA 3",
    "24": "HISTÓRIA 4",
    "25": "FILOSOFIA",
    "26": "SOCIOLOGIA",
    "27": "PORTUGUÊS 1",
    "28": "PORTUGUÊS 2",
    "29": "REDAÇÃO"
}